列表,序号,题名,难度,标签1,标签2,标签3,解决,优先级
HOT 100,1,两数之和,简单,哈希表,数组,,ok,高
HOT 100,2,两数相加,中等,链表,数学,,ok,
HOT 100,3,无重复字符的最长子串,中等,双指针,sliding window,,ok,
HOT 100,4,寻找两个有序数组的中位数,困难,二分查找,数组,,,
HOT 100,5,最长回文子串,中等,动态规划,动态规划,,ok,
HOT 100,10,正则表达式匹配,困难,动态规划,字符串,,,
HOT 100,11,盛最多水的容器,中等,双指针,数组,,ok,
HOT 100,15,三数之和,中等,双指针,数组,,ok,
HOT 100,17,电话号码的字母组合,中等,回溯算法,字符串,,,
HOT 100,19,删除链表的倒数第N个节点,中等,双指针,链表,,ok,
HOT 100,20,有效的括号,简单,栈,字符串,,ok,高
HOT 100,21,合并两个有序链表,简单,,链表,,ok,高
HOT 100,22,括号生成,中等,回溯算法,字符串,,,
HOT 100,23,合并K个排序链表,困难,分治算法,链表,,,
HOT 100,31,下一个排列,中等,,数组,,,
HOT 100,32,最长有效括号,困难,动态规划,字符串,,,
HOT 100,33,搜索旋转排序数组,中等,二分查找,数组,,,
HOT 100,34,在排序数组中查找元素的第一个和最后一个位置,中等,二分查找,数组,,,
HOT 100,39,组合总和,简单,回溯算法,数组,,,高
HOT 100,42,接雨水,困难,双指针,数组,,,
HOT 100,46,全排列,中等,回溯算法,,,,
HOT 100,48,旋转图像,中等,,数组,,,
HOT 100,49,字母异位词分组,中等,哈希表,数组,,,
HOT 100,53,最大子序和,简单,动态规划,数组,,ok,高
HOT 100,55,跳跃游戏,中等,贪心算法,数组,,,
HOT 100,56,合并区间,中等,排序,数组,,,
HOT 100,62,不同路径,中等,动态规划,数组,,,
HOT 100,64,最小路径和,中等,动态规划,数组,,,
HOT 100,70,爬楼梯,简单,动态规划,,,ok,高
HOT 100,72,编辑距离,困难,动态规划,字符串,,,
HOT 100,75,颜色分类,中等,双指针,数组,,,
HOT 100,76,最小覆盖子串,困难,哈希表,双指针,slibing  window,,
HOT 100,78,子集,中等,位运算,数组,回溯算法,,
HOT 100,79,单词搜索,中等,回溯算法,数组,,,
HOT 100,84,柱状图中最大的矩形,困难,栈,数组,,,
HOT 100,85,最大矩形,困难,栈,数组,哈希表,,
HOT 100,94,二叉树的中序遍历,中等,栈,树,哈希表,,
HOT 100,96,不同的二叉搜索树,困难,动态规划,树,,,
HOT 100,98,验证二叉搜索树,中等,DFS,树,,,
HOT 100,101,对称二叉树,中等,DFS,树,BFS,ok,
HOT 100,102,二叉树的层次遍历,中等,BFS,树,,,
HOT 100,104,二叉树的最大深度,中等,DFS,树,,ok,
HOT 100,105,从前序与中序遍历序列构造二叉树,中等,DFS,树,,,
HOT 100,114,二叉树展开为链表,中等,DFS,树,,,
HOT 100,121,买卖股票的最佳时机,中等,动态规划,数组,,ok,
HOT 100,124,二叉树中的最大路径和,困难,DFS,树,,,
HOT 100,128,最长连续序列,中等,并查集,数组,,,
HOT 100,136,只出现一次的数字,困难,位运算,哈希表,,ok,
HOT 100,139,单词拆分,中等,动态规划,,,,
HOT 100,141,环形链表,中等,双指针,链表,,ok,
HOT 100,142,环形链表 II,困难,双指针,链表,,,
HOT 100,146,LRU缓存机制,困难,设计,,,,高
HOT 100,148,排序链表,中等,排序,链表,,,
HOT 100,152,乘积最大子序列,中等,动态规划,数组,,,
HOT 100,155,最小栈,中等,设计,栈,,ok,
HOT 100,160,相交链表,中等,链表,,,ok,
HOT 100,169,求众数,中等,位运算,数组,分治算法,ok,
HOT 100,198,打家劫舍,中等,动态规划,,,ok,
HOT 100,200,岛屿数量,困难,DFS,BFS,并查集,,
HOT 100,206,反转链表,困难,链表,,,ok,
HOT 100,207,课程表,中等,DFS,BFS,图,,
HOT 100,208,实现 Trie (前缀树),中等,设计,字典树,,,
HOT 100,215,数组中的第K个最大元素,中等,堆,分治算法,,,
HOT 100,221,最大正方形,中等,动态规划,,,,
HOT 100,226,翻转二叉树,中等,,树,,ok,
HOT 100,234,回文链表,中等,双指针,链表,,ok,
HOT 100,236,二叉树的最近公共祖先,中等,,树,,,
HOT 100,238,除自身以外数组的乘积,中等,,数组,,,
HOT 100,239,滑动窗口最大值,中等,堆,,slibing  window,,
HOT 100,240,搜索二维矩阵 II,中等,二分查找,分治算法,,,
HOT 100,253,会议室 II,中等,,,,,
HOT 100,279,完全平方数,中等,BFS,动态规划,数学,,
HOT 100,283,移动零,困难,双指针,数组,,,
HOT 100,287,寻找重复数,中等,双指针,数组,二分查找,ok,
HOT 100,297,二叉树的序列化与反序列化,中等,设计,树,,,
HOT 100,300,最长上升子序列,中等,二分查找,动态规划,,,
HOT 100,301,删除无效的括号,中等,DFS,BFS,,,
HOT 100,309,最佳买卖股票时机含冷冻期,困难,,动态规划,,,
HOT 100,312,戳气球,中等,分治算法,动态规划,,,
HOT 100,322,零钱兑换,困难,,动态规划,,,
HOT 100,337,打家劫舍 III,中等,DFS,树,,,
HOT 100,338,比特位计数,困难,位运算,动态规划,,,
HOT 100,347,前 K 个高频元素,中等,堆,哈希表,,,
HOT 100,394,字符串解码,中等,栈,DFS,,,
HOT 100,399,除法求值,中等,并查集,图,,,
HOT 100,406,根据身高重建队列,中等,贪心算法,,,,
HOT 100,416,分割等和子集,中等,,动态规划,,,
HOT 100,437,路径总和 III,中等,,树,,ok,
HOT 100,438,找到字符串中所有字母异位词,中等,,哈希表,,,
HOT 100,448,找到所有数组中消失的数字,中等,,数组,,,
HOT 100,461,汉明距离,简单,位运算,,,,高
HOT 100,494,目标和,简单,DFS,动态规划,,,高
HOT 100,538,把二叉搜索树转换为累加树,中等,,树,,,
HOT 100,543,二叉树的直径,简单,,树,,,高
HOT 100,560,和为K的子数组,简单,数组,哈希表,,,高
HOT 100,581,最短无序连续子数组,中等,数组,,,,
HOT 100,617,合并二叉树,简单,,树,,ok,高
HOT 100,621,任务调度器,中等,贪心算法,数组,队列,,
HOT 100,647,回文子串,中等,字符串,动态规划,,,
HOT 100,739,每日温度,中等,栈,哈希表,,,
